{
    "packages": [
        {
            "name": "fig/http-message-util",
            "version": "1.1.5",
            "version_normalized": "1.1.5.0",
            "source": {
                "type": "git",
                "url": "https://github.com/php-fig/http-message-util.git",
                "reference": "9d94dc0154230ac39e5bf89398b324a86f63f765"
            },
            "dist": {
                "type": "zip",
                "url": "https://api.github.com/repos/php-fig/http-message-util/zipball/9d94dc0154230ac39e5bf89398b324a86f63f765",
                "reference": "9d94dc0154230ac39e5bf89398b324a86f63f765",
                "shasum": ""
            },
            "require": {
                "php": "^5.3 || ^7.0 || ^8.0"
            },
            "suggest": {
                "psr/http-message": "The package containing the PSR-7 interfaces"
            },
            "time": "2020-11-24T22:02:12+00:00",
            "type": "library",
            "extra": {
                "branch-alias": {
                    "dev-master": "1.1.x-dev"
                }
            },
            "installation-source": "source",
            "autoload": {
                "psr-4": {
                    "Fig\\Http\\Message\\": "src/"
                }
            },
            "notification-url": "https://packagist.org/downloads/",
            "license": [
                "MIT"
            ],
            "authors": [
                {
                    "name": "PHP-FIG",
                    "homepage": "https://www.php-fig.org/"
                }
            ],
            "description": "Utility classes and constants for use with PSR-7 (psr/http-message)",
            "keywords": [
                "http",
                "http-message",
                "psr",
                "psr-7",
                "request",
                "response"
            ],
            "support": {
                "issues": "https://github.com/php-fig/http-message-util/issues",
                "source": "https://github.com/php-fig/http-message-util/tree/1.1.5"
            },
            "install-path": "../fig/http-message-util"
        },
        {
            "name": "laravel/serializable-closure",
            "version": "v2.0.7",
            "version_normalized": "2.0.7.0",
            "source": {
                "type": "git",
                "url": "https://github.com/laravel/serializable-closure.git",
                "reference": "cb291e4c998ac50637c7eeb58189c14f5de5b9dd"
            },
            "dist": {
                "type": "zip",
                "url": "https://api.github.com/repos/laravel/serializable-closure/zipball/cb291e4c998ac50637c7eeb58189c14f5de5b9dd",
                "reference": "cb291e4c998ac50637c7eeb58189c14f5de5b9dd",
                "shasum": ""
            },
            "require": {
                "php": "^8.1"
            },
            "require-dev": {
                "illuminate/support": "^10.0|^11.0|^12.0",
                "nesbot/carbon": "^2.67|^3.0",
                "pestphp/pest": "^2.36|^3.0|^4.0",
                "phpstan/phpstan": "^2.0",
                "symfony/var-dumper": "^6.2.0|^7.0.0"
            },
            "time": "2025-11-21T20:52:36+00:00",
            "type": "library",
            "extra": {
                "branch-alias": {
                    "dev-master": "2.x-dev"
                }
            },
            "installation-source": "source",
            "autoload": {
                "psr-4": {
                    "Laravel\\SerializableClosure\\": "src/"
                }
            },
            "notification-url": "https://packagist.org/downloads/",
            "license": [
                "MIT"
            ],
            "authors": [
                {
                    "name": "Taylor Otwell",
                    "email": "taylor@laravel.com"
                },
                {
                    "name": "Nuno Maduro",
                    "email": "nuno@laravel.com"
                }
            ],
            "description": "Laravel Serializable Closure provides an easy and secure way to serialize closures in PHP.",
            "keywords": [
                "closure",
                "laravel",
                "serializable"
            ],
            "support": {
                "issues": "https://github.com/laravel/serializable-closure/issues",
                "source": "https://github.com/laravel/serializable-closure"
            },
            "install-path": "../laravel/serializable-closure"
        },
        {
            "name": "nikic/fast-route",
            "version": "v1.3.0",
            "version_normalized": "1.3.0.0",
            "source": {
                "type": "git",
                "url": "https://github.com/nikic/FastRoute.git",
                "reference": "181d480e08d9476e61381e04a71b34dc0432e812"
            },
            "dist": {
                "type": "zip",
                "url": "https://api.github.com/repos/nikic/FastRoute/zipball/181d480e08d9476e61381e04a71b34dc0432e812",
                "reference": "181d480e08d9476e61381e04a71b34dc0432e812",
                "shasum": ""
            },
            "require": {
                "php": ">=5.4.0"
            },
            "require-dev": {
                "phpunit/phpunit": "^4.8.35|~5.7"
            },
            "time": "2018-02-13T20:26:39+00:00",
            "type": "library",
            "installation-source": "source",
            "autoload": {
                "files": [
                    "src/functions.php"
                ],
                "psr-4": {
                    "FastRoute\\": "src/"
                }
            },
            "notification-url": "https://packagist.org/downloads/",
            "license": [
                "BSD-3-Clause"
            ],
            "authors": [
                {
                    "name": "Nikita Popov",
                    "email": "nikic@php.net"
                }
            ],
            "description": "Fast request router for PHP",
            "keywords": [
                "router",
                "routing"
            ],
            "support": {
                "issues": "https://github.com/nikic/FastRoute/issues",
                "source": "https://github.com/nikic/FastRoute/tree/master"
            },
            "install-path": "../nikic/fast-route"
        },
        {
            "name": "php-di/invoker",
            "version": "2.3.7",
            "version_normalized": "2.3.7.0",
            "source": {
                "type": "git",
                "url": "https://github.com/PHP-DI/Invoker.git",
                "reference": "3c1ddfdef181431fbc4be83378f6d036d59e81e1"
            },
            "dist": {
                "type": "zip",
                "url": "https://api.github.com/repos/PHP-DI/Invoker/zipball/3c1ddfdef181431fbc4be83378f6d036d59e81e1",
                "reference": "3c1ddfdef181431fbc4be83378f6d036d59e81e1",
                "shasum": ""
            },
            "require": {
                "php": ">=7.3",
                "psr/container": "^1.0|^2.0"
            },
            "require-dev": {
                "athletic/athletic": "~0.1.8",
                "mnapoli/hard-mode": "~0.3.0",
                "phpunit/phpunit": "^9.0 || ^10 || ^11 || ^12"
            },
            "time": "2025-08-30T10:22:22+00:00",
            "type": "library",
            "installation-source": "source",
            "autoload": {
                "psr-4": {
                    "Invoker\\": "src/"
                }
            },
            "notification-url": "https://packagist.org/downloads/",
            "license": [
                "MIT"
            ],
            "description": "Generic and extensible callable invoker",
            "homepage": "https://github.com/PHP-DI/Invoker",
            "keywords": [
                "callable",
                "dependency",
                "dependency-injection",
                "injection",
                "invoke",
                "invoker"
            ],
            "support": {
                "issues": "https://github.com/PHP-DI/Invoker/issues",
                "source": "https://github.com/PHP-DI/Invoker/tree/2.3.7"
            },
            "funding": [
                {
                    "url": "https://github.com/mnapoli",
                    "type": "github"
                }
            ],
            "install-path": "../php-di/invoker"
        },
        {
            "name": "php-di/php-di",
            "version": "7.1.1",
            "version_normalized": "7.1.1.0",
            "source": {
                "type": "git",
                "url": "https://github.com/PHP-DI/PHP-DI.git",
                "reference": "f88054cc052e40dbe7b383c8817c19442d480352"
            },
            "dist": {
                "type": "zip",
                "url": "https://api.github.com/repos/PHP-DI/PHP-DI/zipball/f88054cc052e40dbe7b383c8817c19442d480352",
                "reference": "f88054cc052e40dbe7b383c8817c19442d480352",
                "shasum": ""
            },
            "require": {
                "laravel/serializable-closure": "^1.0 || ^2.0",
                "php": ">=8.0",
                "php-di/invoker": "^2.0",
                "psr/container": "^1.1 || ^2.0"
            },
            "provide": {
                "psr/container-implementation": "^1.0"
            },
            "require-dev": {
                "friendsofphp/php-cs-fixer": "^3",
                "friendsofphp/proxy-manager-lts": "^1",
                "mnapoli/phpunit-easymock": "^1.3",
                "phpunit/phpunit": "^9.6 || ^10 || ^11",
                "vimeo/psalm": "^5|^6"
            },
            "suggest": {
                "friendsofphp/proxy-manager-lts": "Install it if you want to use lazy injection (version ^1)"
            },
            "time": "2025-08-16T11:10:48+00:00",
            "type": "library",
            "installation-source": "source",
            "autoload": {
                "files": [
                    "src/functions.php"
                ],
                "psr-4": {
                    "DI\\": "src/"
                }
            },
            "notification-url": "https://packagist.org/downloads/",
            "license": [
                "MIT"
            ],
            "description": "The dependency injection container for humans",
            "homepage": "https://php-di.org/",
            "keywords": [
                "PSR-11",
                "container",
                "container-interop",
                "dependency injection",
                "di",
                "ioc",
                "psr11"
            ],
            "support": {
                "issues": "https://github.com/PHP-DI/PHP-DI/issues",
                "source": "https://github.com/PHP-DI/PHP-DI/tree/7.1.1"
            },
            "funding": [
                {
                    "url": "https://github.com/mnapoli",
                    "type": "github"
                },
                {
                    "url": "https://tidelift.com/funding/github/packagist/php-di/php-di",
                    "type": "tidelift"
                }
            ],
            "install-path": "../php-di/php-di"
        },
        {
            "name": "psr/container",
            "version": "2.0.2",
            "version_normalized": "2.0.2.0",
            "source": {
                "type": "git",
                "url": "https://github.com/php-fig/container.git",
                "reference": "c71ecc56dfe541dbd90c5360474fbc405f8d5963"
            },
            "dist": {
                "type": "zip",
                "url": "https://api.github.com/repos/php-fig/container/zipball/c71ecc56dfe541dbd90c5360474fbc405f8d5963",
                "reference": "c71ecc56dfe541dbd90c5360474fbc405f8d5963",
                "shasum": ""
            },
            "require": {
                "php": ">=7.4.0"
            },
            "time": "2021-11-05T16:47:00+00:00",
            "type": "library",
            "extra": {
                "branch-alias": {
                    "dev-master": "2.0.x-dev"
                }
            },
            "installation-source": "source",
            "autoload": {
                "psr-4": {
                    "Psr\\Container\\": "src/"
                }
            },
            "notification-url": "https://packagist.org/downloads/",
            "license": [
                "MIT"
            ],
            "authors": [
                {
                    "name": "PHP-FIG",
                    "homepage": "https://www.php-fig.org/"
                }
            ],
            "description": "Common Container Interface (PHP FIG PSR-11)",
            "homepage": "https://github.com/php-fig/container",
            "keywords": [
                "PSR-11",
                "container",
                "container-interface",
                "container-interop",
                "psr"
            ],
            "support": {
                "issues": "https://github.com/php-fig/container/issues",
                "source": "https://github.com/php-fig/container/tree/2.0.2"
            },
            "install-path": "../psr/container"
        },
        {
            "name": "psr/http-factory",
            "version": "1.1.0",
            "version_normalized": "1.1.0.0",
            "source": {
                "type": "git",
                "url": "https://github.com/php-fig/http-factory.git",
                "reference": "2b4765fddfe3b508ac62f829e852b1501d3f6e8a"
            },
            "dist": {
                "type": "zip",
                "url": "https://api.github.com/repos/php-fig/http-factory/zipball/2b4765fddfe3b508ac62f829e852b1501d3f6e8a",
                "reference": "2b4765fddfe3b508ac62f829e852b1501d3f6e8a",
                "shasum": ""
            },
            "require": {
                "php": ">=7.1",
                "psr/http-message": "^1.0 || ^2.0"
            },
            "time": "2024-04-15T12:06:14+00:00",
            "type": "library",
            "extra": {
                "branch-alias": {
                    "dev-master": "1.0.x-dev"
                }
            },
            "installation-source": "source",
            "autoload": {
                "psr-4": {
                    "Psr\\Http\\Message\\": "src/"
                }
            },
            "notification-url": "https://packagist.org/downloads/",
            "license": [
                "MIT"
            ],
            "authors": [
                {
                    "name": "PHP-FIG",
                    "homepage": "https://www.php-fig.org/"
                }
            ],
            "description": "PSR-17: Common interfaces for PSR-7 HTTP message factories",
            "keywords": [
                "factory",
                "http",
                "message",
                "psr",
                "psr-17",
                "psr-7",
                "request",
                "response"
            ],
            "support": {
                "source": "https://github.com/php-fig/http-factory"
            },
            "install-path": "../psr/http-factory"
        },
        {
            "name": "psr/http-message",
            "version": "2.0",
            "version_normalized": "2.0.0.0",
            "source": {
                "type": "git",
                "url": "https://github.com/php-fig/http-message.git",
                "reference": "402d35bcb92c70c026d1a6a9883f06b2ead23d71"
            },
            "dist": {
                "type": "zip",
                "url": "https://api.github.com/repos/php-fig/http-message/zipball/402d35bcb92c70c026d1a6a9883f06b2ead23d71",
                "reference": "402d35bcb92c70c026d1a6a9883f06b2ead23d71",
                "shasum": ""
            },
            "require": {
                "php": "^7.2 || ^8.0"
            },
            "time": "2023-04-04T09:54:51+00:00",
            "type": "library",
            "extra": {
                "branch-alias": {
                    "dev-master": "2.0.x-dev"
                }
            },
            "installation-source": "source",
            "autoload": {
                "psr-4": {
                    "Psr\\Http\\Message\\": "src/"
                }
            },
            "notification-url": "https://packagist.org/downloads/",
            "license": [
                "MIT"
            ],
            "authors": [
                {
                    "name": "PHP-FIG",
                    "homepage": "https://www.php-fig.org/"
                }
            ],
            "description": "Common interface for HTTP messages",
            "homepage": "https://github.com/php-fig/http-message",
            "keywords": [
                "http",
                "http-message",
                "psr",
                "psr-7",
                "request",
                "response"
            ],
            "support": {
                "source": "https://github.com/php-fig/http-message/tree/2.0"
            },
            "install-path": "../psr/http-message"
        },
        {
            "name": "psr/http-server-handler",
            "version": "1.0.2",
            "version_normalized": "1.0.2.0",
            "source": {
                "type": "git",
                "url": "https://github.com/php-fig/http-server-handler.git",
                "reference": "84c4fb66179be4caaf8e97bd239203245302e7d4"
            },
            "dist": {
                "type": "zip",
                "url": "https://api.github.com/repos/php-fig/http-server-handler/zipball/84c4fb66179be4caaf8e97bd239203245302e7d4",
                "reference": "84c4fb66179be4caaf8e97bd239203245302e7d4",
                "shasum": ""
            },
            "require": {
                "php": ">=7.0",
                "psr/http-message": "^1.0 || ^2.0"
            },
            "time": "2023-04-10T20:06:20+00:00",
            "type": "library",
            "extra": {
                "branch-alias": {
                    "dev-master": "1.0.x-dev"
                }
            },
            "installation-source": "source",
            "autoload": {
                "psr-4": {
                    "Psr\\Http\\Server\\": "src/"
                }
            },
            "notification-url": "https://packagist.org/downloads/",
            "license": [
                "MIT"
            ],
            "authors": [
                {
                    "name": "PHP-FIG",
                    "homepage": "https://www.php-fig.org/"
                }
            ],
            "description": "Common interface for HTTP server-side request handler",
            "keywords": [
                "handler",
                "http",
                "http-interop",
                "psr",
                "psr-15",
                "psr-7",
                "request",
                "response",
                "server"
            ],
            "support": {
                "source": "https://github.com/php-fig/http-server-handler/tree/1.0.2"
            },
            "install-path": "../psr/http-server-handler"
        },
        {
            "name": "psr/http-server-middleware",
            "version": "1.0.2",
            "version_normalized": "1.0.2.0",
            "source": {
                "type": "git",
                "url": "https://github.com/php-fig/http-server-middleware.git",
                "reference": "c1481f747daaa6a0782775cd6a8c26a1bf4a3829"
            },
            "dist": {
                "type": "zip",
                "url": "https://api.github.com/repos/php-fig/http-server-middleware/zipball/c1481f747daaa6a0782775cd6a8c26a1bf4a3829",
                "reference": "c1481f747daaa6a0782775cd6a8c26a1bf4a3829",
                "shasum": ""
            },
            "require": {
                "php": ">=7.0",
                "psr/http-message": "^1.0 || ^2.0",
                "psr/http-server-handler": "^1.0"
            },
            "time": "2023-04-11T06:14:47+00:00",
            "type": "library",
            "extra": {
                "branch-alias": {
                    "dev-master": "1.0.x-dev"
                }
            },
            "installation-source": "source",
            "autoload": {
                "psr-4": {
                    "Psr\\Http\\Server\\": "src/"
                }
            },
            "notification-url": "https://packagist.org/downloads/",
            "license": [
                "MIT"
            ],
            "authors": [
                {
                    "name": "PHP-FIG",
                    "homepage": "https://www.php-fig.org/"
                }
            ],
            "description": "Common interface for HTTP server-side middleware",
            "keywords": [
                "http",
                "http-interop",
                "middleware",
                "psr",
                "psr-15",
                "psr-7",
                "request",
                "response"
            ],
            "support": {
                "issues": "https://github.com/php-fig/http-server-middleware/issues",
                "source": "https://github.com/php-fig/http-server-middleware/tree/1.0.2"
            },
            "install-path": "../psr/http-server-middleware"
        },
        {
            "name": "psr/log",
            "version": "3.0.2",
            "version_normalized": "3.0.2.0",
            "source": {
                "type": "git",
                "url": "https://github.com/php-fig/log.git",
                "reference": "f16e1d5863e37f8d8c2a01719f5b34baa2b714d3"
            },
            "dist": {
                "type": "zip",
                "url": "https://api.github.com/repos/php-fig/log/zipball/f16e1d5863e37f8d8c2a01719f5b34baa2b714d3",
                "reference": "f16e1d5863e37f8d8c2a01719f5b34baa2b714d3",
                "shasum": ""
            },
            "require": {
                "php": ">=8.0.0"
            },
            "time": "2024-09-11T13:17:53+00:00",
            "type": "library",
            "extra": {
                "branch-alias": {
                    "dev-master": "3.x-dev"
                }
            },
            "installation-source": "source",
            "autoload": {
                "psr-4": {
                    "Psr\\Log\\": "src"
                }
            },
            "notification-url": "https://packagist.org/downloads/",
            "license": [
                "MIT"
            ],
            "authors": [
                {
                    "name": "PHP-FIG",
                    "homepage": "https://www.php-fig.org/"
                }
            ],
            "description": "Common interface for logging libraries",
            "homepage": "https://github.com/php-fig/log",
            "keywords": [
                "log",
                "psr",
                "psr-3"
            ],
            "support": {
                "source": "https://github.com/php-fig/log/tree/3.0.2"
            },
            "install-path": "../psr/log"
        },
        {
            "name": "ralouphie/getallheaders",
            "version": "3.0.3",
            "version_normalized": "3.0.3.0",
            "source": {
                "type": "git",
                "url": "https://github.com/ralouphie/getallheaders.git",
                "reference": "120b605dfeb996808c31b6477290a714d356e822"
            },
            "dist": {
                "type": "zip",
                "url": "https://api.github.com/repos/ralouphie/getallheaders/zipball/120b605dfeb996808c31b6477290a714d356e822",
                "reference": "120b605dfeb996808c31b6477290a714d356e822",
                "shasum": ""
            },
            "require": {
                "php": ">=5.6"
            },
            "require-dev": {
                "php-coveralls/php-coveralls": "^2.1",
                "phpunit/phpunit": "^5 || ^6.5"
            },
            "time": "2019-03-08T08:55:37+00:00",
            "type": "library",
            "installation-source": "source",
            "autoload": {
                "files": [
                    "src/getallheaders.php"
                ]
            },
            "notification-url": "https://packagist.org/downloads/",
            "license": [
                "MIT"
            ],
            "authors": [
                {
                    "name": "Ralph Khattar",
                    "email": "ralph.khattar@gmail.com"
                }
            ],
            "description": "A polyfill for getallheaders.",
            "support": {
                "issues": "https://github.com/ralouphie/getallheaders/issues",
                "source": "https://github.com/ralouphie/getallheaders/tree/develop"
            },
            "install-path": "../ralouphie/getallheaders"
        },
        {
            "name": "slim/csrf",
            "version": "1.5.1",
            "version_normalized": "1.5.1.0",
            "source": {
                "type": "git",
                "url": "https://github.com/slimphp/Slim-Csrf.git",
                "reference": "a476a61e38451e138c400f6b4ca96037f3c2dd39"
            },
            "dist": {
                "type": "zip",
                "url": "https://api.github.com/repos/slimphp/Slim-Csrf/zipball/a476a61e38451e138c400f6b4ca96037f3c2dd39",
                "reference": "a476a61e38451e138c400f6b4ca96037f3c2dd39",
                "shasum": ""
            },
            "require": {
                "php": "^7.4 || ^8.0",
                "psr/http-factory": "^1.1",
                "psr/http-message": "^1.0 || ^2.0",
                "psr/http-server-handler": "^1.0",
                "psr/http-server-middleware": "^1.0"
            },
            "require-dev": {
                "phpunit/phpunit": "^9.6",
                "squizlabs/php_codesniffer": "^3.10"
            },
            "time": "2025-11-02T14:58:28+00:00",
            "type": "library",
            "installation-source": "source",
            "autoload": {
                "psr-4": {
                    "Slim\\Csrf\\": "src"
                }
            },
            "notification-url": "https://packagist.org/downloads/",
            "license": [
                "MIT"
            ],
            "authors": [
                {
                    "name": "Josh Lockhart",
                    "email": "hello@joshlockhart.com",
                    "homepage": "http://joshlockhart.com"
                }
            ],
            "description": "Slim Framework 4 CSRF protection PSR-15 middleware",
            "homepage": "https://www.slimframework.com",
            "keywords": [
                "csrf",
                "framework",
                "middleware",
                "slim"
            ],
            "support": {
                "issues": "https://github.com/slimphp/Slim-Csrf/issues",
                "source": "https://github.com/slimphp/Slim-Csrf/tree/1.5.1"
            },
            "install-path": "../slim/csrf"
        },
        {
            "name": "slim/psr7",
            "version": "1.8.0",
            "version_normalized": "1.8.0.0",
            "source": {
                "type": "git",
                "url": "https://github.com/slimphp/Slim-Psr7.git",
                "reference": "76e7e3b1cdfd583e9035c4c966c08e01e45ce959"
            },
            "dist": {
                "type": "zip",
                "url": "https://api.github.com/repos/slimphp/Slim-Psr7/zipball/76e7e3b1cdfd583e9035c4c966c08e01e45ce959",
                "reference": "76e7e3b1cdfd583e9035c4c966c08e01e45ce959",
                "shasum": ""
            },
            "require": {
                "fig/http-message-util": "^1.1.5",
                "php": "^8.0",
                "psr/http-factory": "^1.1",
                "psr/http-message": "^1.0 || ^2.0",
                "ralouphie/getallheaders": "^3.0"
            },
            "provide": {
                "psr/http-factory-implementation": "^1.0",
                "psr/http-message-implementation": "^1.0 || ^2.0"
            },
            "require-dev": {
                "adriansuter/php-autoload-override": "^1.5|| ^2.0",
                "ext-json": "*",
                "http-interop/http-factory-tests": "^1.0 || ^2.0",
                "php-http/psr7-integration-tests": "^1.5",
                "phpstan/phpstan": "^2.1",
                "phpunit/phpunit": "^9.6 || ^10",
                "squizlabs/php_codesniffer": "^3.13"
            },
            "time": "2025-11-02T17:51:19+00:00",
            "type": "library",
            "installation-source": "source",
            "autoload": {
                "psr-4": {
                    "Slim\\Psr7\\": "src"
                }
            },
            "notification-url": "https://packagist.org/downloads/",
            "license": [
                "MIT"
            ],
            "authors": [
                {
                    "name": "Josh Lockhart",
                    "email": "hello@joshlockhart.com",
                    "homepage": "https://joshlockhart.com"
                },
                {
                    "name": "Andrew Smith",
                    "email": "a.smith@silentworks.co.uk",
                    "homepage": "https://silentworks.co.uk"
                },
                {
                    "name": "Rob Allen",
                    "email": "rob@akrabat.com",
                    "homepage": "https://akrabat.com"
                },
                {
                    "name": "Pierre Berube",
                    "email": "pierre@lgse.com",
                    "homepage": "https://www.lgse.com"
                }
            ],
            "description": "Strict PSR-7 implementation",
            "homepage": "https://www.slimframework.com",
            "keywords": [
                "http",
                "psr-7",
                "psr7"
            ],
            "support": {
                "issues": "https://github.com/slimphp/Slim-Psr7/issues",
                "source": "https://github.com/slimphp/Slim-Psr7/tree/1.8.0"
            },
            "install-path": "../slim/psr7"
        },
        {
            "name": "slim/slim",
            "version": "4.15.1",
            "version_normalized": "4.15.1.0",
            "source": {
                "type": "git",
                "url": "https://github.com/slimphp/Slim.git",
                "reference": "887893516557506f254d950425ce7f5387a26970"
            },
            "dist": {
                "type": "zip",
                "url": "https://api.github.com/repos/slimphp/Slim/zipball/887893516557506f254d950425ce7f5387a26970",
                "reference": "887893516557506f254d950425ce7f5387a26970",
                "shasum": ""
            },
            "require": {
                "ext-json": "*",
                "nikic/fast-route": "^1.3",
                "php": "~7.4.0 || ~8.0.0 || ~8.1.0 || ~8.2.0 || ~8.3.0 || ~8.4.0 || ~8.5.0",
                "psr/container": "^1.0 || ^2.0",
                "psr/http-factory": "^1.1",
                "psr/http-message": "^1.1 || ^2.0",
                "psr/http-server-handler": "^1.0",
                "psr/http-server-middleware": "^1.0",
                "psr/log": "^1.1 || ^2.0 || ^3.0"
            },
            "require-dev": {
                "adriansuter/php-autoload-override": "^1.4 || ^2",
                "ext-simplexml": "*",
                "guzzlehttp/psr7": "^2.6",
                "httpsoft/http-message": "^1.1",
                "httpsoft/http-server-request": "^1.1",
                "laminas/laminas-diactoros": "^2.17 || ^3",
                "nyholm/psr7": "^1.8",
                "nyholm/psr7-server": "^1.1",
                "phpspec/prophecy": "^1.19",
                "phpspec/prophecy-phpunit": "^2.1",
                "phpstan/phpstan": "^1 || ^2",
                "phpunit/phpunit": "^9.6 || ^10 || ^11 || ^12",
                "slim/http": "^1.3",
                "slim/psr7": "^1.6",
                "squizlabs/php_codesniffer": "^3.10",
                "vimeo/psalm": "^5 || ^6"
            },
            "suggest": {
                "ext-simplexml": "Needed to support XML format in BodyParsingMiddleware",
                "ext-xml": "Needed to support XML format in BodyParsingMiddleware",
                "php-di/php-di": "PHP-DI is the recommended container library to be used with Slim",
                "slim/psr7": "Slim PSR-7 implementation. See https://www.slimframework.com/docs/v4/start/installation.html for more information."
            },
            "time": "2025-11-21T12:23:44+00:00",
            "type": "library",
            "installation-source": "source",
            "autoload": {
                "psr-4": {
                    "Slim\\": "Slim"
                }
            },
            "notification-url": "https://packagist.org/downloads/",
            "license": [
                "MIT"
            ],
            "authors": [
                {
                    "name": "Josh Lockhart",
                    "email": "hello@joshlockhart.com",
                    "homepage": "https://joshlockhart.com"
                },
                {
                    "name": "Andrew Smith",
                    "email": "a.smith@silentworks.co.uk",
                    "homepage": "https://silentworks.co.uk"
                },
                {
                    "name": "Rob Allen",
                    "email": "rob@akrabat.com",
                    "homepage": "https://akrabat.com"
                },
                {
                    "name": "Pierre Berube",
                    "email": "pierre@lgse.com",
                    "homepage": "https://www.lgse.com"
                },
                {
                    "name": "Gabriel Manricks",
                    "email": "gmanricks@me.com",
                    "homepage": "http://gabrielmanricks.com"
                }
            ],
            "description": "Slim is a PHP micro framework that helps you quickly write simple yet powerful web applications and APIs",
            "homepage": "https://www.slimframework.com",
            "keywords": [
                "api",
                "framework",
                "micro",
                "router"
            ],
            "support": {
                "docs": "https://www.slimframework.com/docs/v4/",
                "forum": "https://discourse.slimframework.com/",
                "irc": "irc://irc.freenode.net:6667/slimphp",
                "issues": "https://github.com/slimphp/Slim/issues",
                "rss": "https://www.slimframework.com/blog/feed.rss",
                "slack": "https://slimphp.slack.com/",
                "source": "https://github.com/slimphp/Slim",
                "wiki": "https://github.com/slimphp/Slim/wiki"
            },
            "funding": [
                {
                    "url": "https://opencollective.com/slimphp",
                    "type": "open_collective"
                },
                {
                    "url": "https://tidelift.com/funding/github/packagist/slim/slim",
                    "type": "tidelift"
                }
            ],
            "install-path": "../slim/slim"
        },
        {
            "name": "symfony/console",
            "version": "v6.4.30",
            "version_normalized": "6.4.30.0",
            "source": {
                "type": "git",
                "url": "https://github.com/symfony/console.git",
                "reference": "1b2813049506b39eb3d7e64aff033fd5ca26c97e"
            },
            "dist": {
                "type": "zip",
                "url": "https://api.github.com/repos/symfony/console/zipball/1b2813049506b39eb3d7e64aff033fd5ca26c97e",
                "reference": "1b2813049506b39eb3d7e64aff033fd5ca26c97e",
                "shasum": ""
            },
            "require": {
                "php": ">=8.1",
                "symfony/deprecation-contracts": "^2.5|^3",
                "symfony/polyfill-mbstring": "~1.0",
                "symfony/service-contracts": "^2.5|^3",
                "symfony/string": "^5.4|^6.0|^7.0"
            },
            "conflict": {
                "symfony/dependency-injection": "<5.4",
                "symfony/dotenv": "<5.4",
                "symfony/event-dispatcher": "<5.4",
                "symfony/lock": "<5.4",
                "symfony/process": "<5.4"
            },
            "provide": {
                "psr/log-implementation": "1.0|2.0|3.0"
            },
            "require-dev": {
                "psr/log": "^1|^2|^3",
                "symfony/config": "^5.4|^6.0|^7.0",
                "symfony/dependency-injection": "^5.4|^6.0|^7.0",
                "symfony/event-dispatcher": "^5.4|^6.0|^7.0",
                "symfony/http-foundation": "^6.4|^7.0",
                "symfony/http-kernel": "^6.4|^7.0",
                "symfony/lock": "^5.4|^6.0|^7.0",
                "symfony/messenger": "^5.4|^6.0|^7.0",
                "symfony/process": "^5.4|^6.0|^7.0",
                "symfony/stopwatch": "^5.4|^6.0|^7.0",
                "symfony/var-dumper": "^5.4|^6.0|^7.0"
            },
            "time": "2025-12-05T13:47:41+00:00",
            "type": "library",
            "installation-source": "source",
            "autoload": {
                "psr-4": {
                    "Symfony\\Component\\Console\\": ""
                },
                "exclude-from-classmap": [
                    "/Tests/"
                ]
            },
            "notification-url": "https://packagist.org/downloads/",
            "license": [
                "MIT"
            ],
            "authors": [
                {
                    "name": "Fabien Potencier",
                    "email": "fabien@symfony.com"
                },
                {
                    "name": "Symfony Community",
                    "homepage": "https://symfony.com/contributors"
                }
            ],
            "description": "Eases the creation of beautiful and testable command line interfaces",
            "homepage": "https://symfony.com",
            "keywords": [
                "cli",
                "command-line",
                "console",
                "terminal"
            ],
            "support": {
                "source": "https://github.com/symfony/console/tree/v6.4.30"
            },
            "funding": [
                {
                    "url": "https://symfony.com/sponsor",
                    "type": "custom"
                },
                {
                    "url": "https://github.com/fabpot",
                    "type": "github"
                },
                {
                    "url": "https://github.com/nicolas-grekas",
                    "type": "github"
                },
                {
                    "url": "https://tidelift.com/funding/github/packagist/symfony/symfony",
                    "type": "tidelift"
                }
            ],
            "install-path": "../symfony/console"
        },
        {
            "name": "symfony/deprecation-contracts",
            "version": "v3.6.0",
            "version_normalized": "3.6.0.0",
            "source": {
                "type": "git",
                "url": "https://github.com/symfony/deprecation-contracts.git",
                "reference": "63afe740e99a13ba87ec199bb07bbdee937a5b62"
            },
            "dist": {
                "type": "zip",
                "url": "https://api.github.com/repos/symfony/deprecation-contracts/zipball/63afe740e99a13ba87ec199bb07bbdee937a5b62",
                "reference": "63afe740e99a13ba87ec199bb07bbdee937a5b62",
                "shasum": ""
            },
            "require": {
                "php": ">=8.1"
            },
            "time": "2024-09-25T14:21:43+00:00",
            "type": "library",
            "extra": {
                "thanks": {
                    "url": "https://github.com/symfony/contracts",
                    "name": "symfony/contracts"
                },
                "branch-alias": {
                    "dev-main": "3.6-dev"
                }
            },
            "installation-source": "source",
            "autoload": {
                "files": [
                    "function.php"
                ]
            },
            "notification-url": "https://packagist.org/downloads/",
            "license": [
                "MIT"
            ],
            "authors": [
                {
                    "name": "Nicolas Grekas",
                    "email": "p@tchwork.com"
                },
                {
                    "name": "Symfony Community",
                    "homepage": "https://symfony.com/contributors"
                }
            ],
            "description": "A generic function and convention to trigger deprecation notices",
            "homepage": "https://symfony.com",
            "support": {
                "source": "https://github.com/symfony/deprecation-contracts/tree/v3.6.0"
            },
            "funding": [
                {
                    "url": "https://symfony.com/sponsor",
                    "type": "custom"
                },
                {
                    "url": "https://github.com/fabpot",
                    "type": "github"
                },
                {
                    "url": "https://tidelift.com/funding/github/packagist/symfony/symfony",
                    "type": "tidelift"
                }
            ],
            "install-path": "../symfony/deprecation-contracts"
        },
        {
            "name": "symfony/polyfill-ctype",
            "version": "v1.33.0",
            "version_normalized": "1.33.0.0",
            "source": {
                "type": "git",
                "url": "https://github.com/symfony/polyfill-ctype.git",
                "reference": "a3cc8b044a6ea513310cbd48ef7333b384945638"
            },
            "dist": {
                "type": "zip",
                "url": "https://api.github.com/repos/symfony/polyfill-ctype/zipball/a3cc8b044a6ea513310cbd48ef7333b384945638",
                "reference": "a3cc8b044a6ea513310cbd48ef7333b384945638",
                "shasum": ""
            },
            "require": {
                "php": ">=7.2"
            },
            "provide": {
                "ext-ctype": "*"
            },
            "suggest": {
                "ext-ctype": "For best performance"
            },
            "time": "2024-09-09T11:45:10+00:00",
            "type": "library",
            "extra": {
                "thanks": {
                    "url": "https://github.com/symfony/polyfill",
                    "name": "symfony/polyfill"
                }
            },
            "installation-source": "source",
            "autoload": {
                "files": [
                    "bootstrap.php"
                ],
                "psr-4": {
                    "Symfony\\Polyfill\\Ctype\\": ""
                }
            },
            "notification-url": "https://packagist.org/downloads/",
            "license": [
                "MIT"
            ],
            "authors": [
                {
                    "name": "Gert de Pagter",
                    "email": "BackEndTea@gmail.com"
                },
                {
                    "name": "Symfony Community",
                    "homepage": "https://symfony.com/contributors"
                }
            ],
            "description": "Symfony polyfill for ctype functions",
            "homepage": "https://symfony.com",
            "keywords": [
                "compatibility",
                "ctype",
                "polyfill",
                "portable"
            ],
            "support": {
                "source": "https://github.com/symfony/polyfill-ctype/tree/v1.33.0"
            },
            "funding": [
                {
                    "url": "https://symfony.com/sponsor",
                    "type": "custom"
                },
                {
                    "url": "https://github.com/fabpot",
                    "type": "github"
                },
                {
                    "url": "https://github.com/nicolas-grekas",
                    "type": "github"
                },
                {
                    "url": "https://tidelift.com/funding/github/packagist/symfony/symfony",
                    "type": "tidelift"
                }
            ],
            "install-path": "../symfony/polyfill-ctype"
        },
        {
            "name": "symfony/polyfill-intl-grapheme",
            "version": "v1.33.0",
            "version_normalized": "1.33.0.0",
            "source": {
                "type": "git",
                "url": "https://github.com/symfony/polyfill-intl-grapheme.git",
                "reference": "380872130d3a5dd3ace2f4010d95125fde5d5c70"
            },
            "dist": {
                "type": "zip",
                "url": "https://api.github.com/repos/symfony/polyfill-intl-grapheme/zipball/380872130d3a5dd3ace2f4010d95125fde5d5c70",
                "reference": "380872130d3a5dd3ace2f4010d95125fde5d5c70",
                "shasum": ""
            },
            "require": {
                "php": ">=7.2"
            },
            "suggest": {
                "ext-intl": "For best performance"
            },
            "time": "2025-06-27T09:58:17+00:00",
            "type": "library",
            "extra": {
                "thanks": {
                    "url": "https://github.com/symfony/polyfill",
                    "name": "symfony/polyfill"
                }
            },
            "installation-source": "source",
            "autoload": {
                "files": [
                    "bootstrap.php"
                ],
                "psr-4": {
                    "Symfony\\Polyfill\\Intl\\Grapheme\\": ""
                }
            },
            "notification-url": "https://packagist.org/downloads/",
            "license": [
                "MIT"
            ],
            "authors": [
                {
                    "name": "Nicolas Grekas",
                    "email": "p@tchwork.com"
                },
                {
                    "name": "Symfony Community",
                    "homepage": "https://symfony.com/contributors"
                }
            ],
            "description": "Symfony polyfill for intl's grapheme_* functions",
            "homepage": "https://symfony.com",
            "keywords": [
                "compatibility",
                "grapheme",
                "intl",
                "polyfill",
                "portable",
                "shim"
            ],
            "support": {
                "source": "https://github.com/symfony/polyfill-intl-grapheme/tree/v1.33.0"
            },
            "funding": [
                {
                    "url": "https://symfony.com/sponsor",
                    "type": "custom"
                },
                {
                    "url": "https://github.com/fabpot",
                    "type": "github"
                },
                {
                    "url": "https://github.com/nicolas-grekas",
                    "type": "github"
                },
                {
                    "url": "https://tidelift.com/funding/github/packagist/symfony/symfony",
                    "type": "tidelift"
                }
            ],
            "install-path": "../symfony/polyfill-intl-grapheme"
        },
        {
            "name": "symfony/polyfill-intl-normalizer",
            "version": "v1.33.0",
            "version_normalized": "1.33.0.0",
            "source": {
                "type": "git",
                "url": "https://github.com/symfony/polyfill-intl-normalizer.git",
                "reference": "3833d7255cc303546435cb650316bff708a1c75c"
            },
            "dist": {
                "type": "zip",
                "url": "https://api.github.com/repos/symfony/polyfill-intl-normalizer/zipball/3833d7255cc303546435cb650316bff708a1c75c",
                "reference": "3833d7255cc303546435cb650316bff708a1c75c",
                "shasum": ""
            },
            "require": {
                "php": ">=7.2"
            },
            "suggest": {
                "ext-intl": "For best performance"
            },
            "time": "2024-09-09T11:45:10+00:00",
            "type": "library",
            "extra": {
                "thanks": {
                    "url": "https://github.com/symfony/polyfill",
                    "name": "symfony/polyfill"
                }
            },
            "installation-source": "source",
            "autoload": {
                "files": [
                    "bootstrap.php"
                ],
                "psr-4": {
                    "Symfony\\Polyfill\\Intl\\Normalizer\\": ""
                },
                "classmap": [
                    "Resources/stubs"
                ]
            },
            "notification-url": "https://packagist.org/downloads/",
            "license": [
                "MIT"
            ],
            "authors": [
                {
                    "name": "Nicolas Grekas",
                    "email": "p@tchwork.com"
                },
                {
                    "name": "Symfony Community",
                    "homepage": "https://symfony.com/contributors"
                }
            ],
            "description": "Symfony polyfill for intl's Normalizer class and related functions",
            "homepage": "https://symfony.com",
            "keywords": [
                "compatibility",
                "intl",
                "normalizer",
                "polyfill",
                "portable",
                "shim"
            ],
            "support": {
                "source": "https://github.com/symfony/polyfill-intl-normalizer/tree/v1.33.0"
            },
            "funding": [
                {
                    "url": "https://symfony.com/sponsor",
                    "type": "custom"
                },
                {
                    "url": "https://github.com/fabpot",
                    "type": "github"
                },
                {
                    "url": "https://github.com/nicolas-grekas",
                    "type": "github"
                },
                {
                    "url": "https://tidelift.com/funding/github/packagist/symfony/symfony",
                    "type": "tidelift"
                }
            ],
            "install-path": "../symfony/polyfill-intl-normalizer"
        },
        {
            "name": "symfony/polyfill-mbstring",
            "version": "v1.33.0",
            "version_normalized": "1.33.0.0",
            "source": {
                "type": "git",
                "url": "https://github.com/symfony/polyfill-mbstring.git",
                "reference": "6d857f4d76bd4b343eac26d6b539585d2bc56493"
            },
            "dist": {
                "type": "zip",
                "url": "https://api.github.com/repos/symfony/polyfill-mbstring/zipball/6d857f4d76bd4b343eac26d6b539585d2bc56493",
                "reference": "6d857f4d76bd4b343eac26d6b539585d2bc56493",
                "shasum": ""
            },
            "require": {
                "ext-iconv": "*",
                "php": ">=7.2"
            },
            "provide": {
                "ext-mbstring": "*"
            },
            "suggest": {
                "ext-mbstring": "For best performance"
            },
            "time": "2024-12-23T08:48:59+00:00",
            "type": "library",
            "extra": {
                "thanks": {
                    "url": "https://github.com/symfony/polyfill",
                    "name": "symfony/polyfill"
                }
            },
            "installation-source": "source",
            "autoload": {
                "files": [
                    "bootstrap.php"
                ],
                "psr-4": {
                    "Symfony\\Polyfill\\Mbstring\\": ""
                }
            },
            "notification-url": "https://packagist.org/downloads/",
            "license": [
                "MIT"
            ],
            "authors": [
                {
                    "name": "Nicolas Grekas",
                    "email": "p@tchwork.com"
                },
                {
                    "name": "Symfony Community",
                    "homepage": "https://symfony.com/contributors"
                }
            ],
            "description": "Symfony polyfill for the Mbstring extension",
            "homepage": "https://symfony.com",
            "keywords": [
                "compatibility",
                "mbstring",
                "polyfill",
                "portable",
                "shim"
            ],
            "support": {
                "source": "https://github.com/symfony/polyfill-mbstring/tree/v1.33.0"
            },
            "funding": [
                {
                    "url": "https://symfony.com/sponsor",
                    "type": "custom"
                },
                {
                    "url": "https://github.com/fabpot",
                    "type": "github"
                },
                {
                    "url": "https://github.com/nicolas-grekas",
                    "type": "github"
                },
                {
                    "url": "https://tidelift.com/funding/github/packagist/symfony/symfony",
                    "type": "tidelift"
                }
            ],
            "install-path": "../symfony/polyfill-mbstring"
        },
        {
            "name": "symfony/service-contracts",
            "version": "v3.6.1",
            "version_normalized": "3.6.1.0",
            "source": {
                "type": "git",
                "url": "https://github.com/symfony/service-contracts.git",
                "reference": "45112560a3ba2d715666a509a0bc9521d10b6c43"
            },
            "dist": {
                "type": "zip",
                "url": "https://api.github.com/repos/symfony/service-contracts/zipball/45112560a3ba2d715666a509a0bc9521d10b6c43",
                "reference": "45112560a3ba2d715666a509a0bc9521d10b6c43",
                "shasum": ""
            },
            "require": {
                "php": ">=8.1",
                "psr/container": "^1.1|^2.0",
                "symfony/deprecation-contracts": "^2.5|^3"
            },
            "conflict": {
                "ext-psr": "<1.1|>=2"
            },
            "time": "2025-07-15T11:30:57+00:00",
            "type": "library",
            "extra": {
                "thanks": {
                    "url": "https://github.com/symfony/contracts",
                    "name": "symfony/contracts"
                },
                "branch-alias": {
                    "dev-main": "3.6-dev"
                }
            },
            "installation-source": "source",
            "autoload": {
                "psr-4": {
                    "Symfony\\Contracts\\Service\\": ""
                },
                "exclude-from-classmap": [
                    "/Test/"
                ]
            },
            "notification-url": "https://packagist.org/downloads/",
            "license": [
                "MIT"
            ],
            "authors": [
                {
                    "name": "Nicolas Grekas",
                    "email": "p@tchwork.com"
                },
                {
                    "name": "Symfony Community",
                    "homepage": "https://symfony.com/contributors"
                }
            ],
            "description": "Generic abstractions related to writing services",
            "homepage": "https://symfony.com",
            "keywords": [
                "abstractions",
                "contracts",
                "decoupling",
                "interfaces",
                "interoperability",
                "standards"
            ],
            "support": {
                "source": "https://github.com/symfony/service-contracts/tree/v3.6.1"
            },
            "funding": [
                {
                    "url": "https://symfony.com/sponsor",
                    "type": "custom"
                },
                {
                    "url": "https://github.com/fabpot",
                    "type": "github"
                },
                {
                    "url": "https://github.com/nicolas-grekas",
                    "type": "github"
                },
                {
                    "url": "https://tidelift.com/funding/github/packagist/symfony/symfony",
                    "type": "tidelift"
                }
            ],
            "install-path": "../symfony/service-contracts"
        },
        {
            "name": "symfony/string",
            "version": "v7.4.0",
            "version_normalized": "7.4.0.0",
            "source": {
                "type": "git",
                "url": "https://github.com/symfony/string.git",
                "reference": "d50e862cb0a0e0886f73ca1f31b865efbb795003"
            },
            "dist": {
                "type": "zip",
                "url": "https://api.github.com/repos/symfony/string/zipball/d50e862cb0a0e0886f73ca1f31b865efbb795003",
                "reference": "d50e862cb0a0e0886f73ca1f31b865efbb795003",
                "shasum": ""
            },
            "require": {
                "php": ">=8.2",
                "symfony/deprecation-contracts": "^2.5|^3.0",
                "symfony/polyfill-ctype": "~1.8",
                "symfony/polyfill-intl-grapheme": "~1.33",
                "symfony/polyfill-intl-normalizer": "~1.0",
                "symfony/polyfill-mbstring": "~1.0"
            },
            "conflict": {
                "symfony/translation-contracts": "<2.5"
            },
            "require-dev": {
                "symfony/emoji": "^7.1|^8.0",
                "symfony/http-client": "^6.4|^7.0|^8.0",
                "symfony/intl": "^6.4|^7.0|^8.0",
                "symfony/translation-contracts": "^2.5|^3.0",
                "symfony/var-exporter": "^6.4|^7.0|^8.0"
            },
            "time": "2025-11-27T13:27:24+00:00",
            "type": "library",
            "installation-source": "source",
            "autoload": {
                "files": [
                    "Resources/functions.php"
                ],
                "psr-4": {
                    "Symfony\\Component\\String\\": ""
                },
                "exclude-from-classmap": [
                    "/Tests/"
                ]
            },
            "notification-url": "https://packagist.org/downloads/",
            "license": [
                "MIT"
            ],
            "authors": [
                {
                    "name": "Nicolas Grekas",
                    "email": "p@tchwork.com"
                },
                {
                    "name": "Symfony Community",
                    "homepage": "https://symfony.com/contributors"
                }
            ],
            "description": "Provides an object-oriented API to strings and deals with bytes, UTF-8 code points and grapheme clusters in a unified way",
            "homepage": "https://symfony.com",
            "keywords": [
                "grapheme",
                "i18n",
                "string",
                "unicode",
                "utf-8",
                "utf8"
            ],
            "support": {
                "source": "https://github.com/symfony/string/tree/v7.4.0"
            },
            "funding": [
                {
                    "url": "https://symfony.com/sponsor",
                    "type": "custom"
                },
                {
                    "url": "https://github.com/fabpot",
                    "type": "github"
                },
                {
                    "url": "https://github.com/nicolas-grekas",
                    "type": "github"
                },
                {
                    "url": "https://tidelift.com/funding/github/packagist/symfony/symfony",
                    "type": "tidelift"
                }
            ],
            "install-path": "../symfony/string"
        }
    ],
    "dev": false,
    "dev-package-names": []
}
